instant,date,season,year,month,holiday,weekday,workingday,weathersit,casual,registered,total_count
1,2011-01-01,Musim Semi,2011,January,0,Saturday,0,Mist or Cloudy,331,654,985
2,2011-01-02,Musim Semi,2011,January,0,Sunday,0,Mist or Cloudy,131,670,801
3,2011-01-03,Musim Semi,2011,January,0,Monday,1,Clear or Partly Cloudy,120,1229,1349
4,2011-01-04,Musim Semi,2011,January,0,Tuesday,1,Clear or Partly Cloudy,108,1454,1562
5,2011-01-05,Musim Semi,2011,January,0,Wednesday,1,Clear or Partly Cloudy,82,1518,1600
6,2011-01-06,Musim Semi,2011,January,0,Thursday,1,Clear or Partly Cloudy,88,1518,1606
7,2011-01-07,Musim Semi,2011,January,0,Friday,1,Mist or Cloudy,148,1362,1510
8,2011-01-08,Musim Semi,2011,January,0,Saturday,0,Mist or Cloudy,68,891,959
9,2011-01-09,Musim Semi,2011,January,0,Sunday,0,Clear or Partly Cloudy,54,768,822
10,2011-01-10,Musim Semi,2011,January,0,Monday,1,Clear or Partly Cloudy,41,1280,1321
11,2011-01-11,Musim Semi,2011,January,0,Tuesday,1,Mist or Cloudy,43,1220,1263
12,2011-01-12,Musim Semi,2011,January,0,Wednesday,1,Clear or Partly Cloudy,25,1137,1162
13,2011-01-13,Musim Semi,2011,January,0,Thursday,1,Clear or Partly Cloudy,38,1368,1406
14,2011-01-14,Musim Semi,2011,January,0,Friday,1,Clear or Partly Cloudy,54,1367,1421
15,2011-01-15,Musim Semi,2011,January,0,Saturday,0,Mist or Cloudy,222,1026,1248
16,2011-01-16,Musim Semi,2011,January,0,Sunday,0,Clear or Partly Cloudy,251,953,1204
17,2011-01-17,Musim Semi,2011,January,1,Monday,0,Mist or Cloudy,117,883,1000
18,2011-01-18,Musim Semi,2011,January,0,Tuesday,1,Mist or Cloudy,9,674,683
19,2011-01-19,Musim Semi,2011,January,0,Wednesday,1,Mist or Cloudy,78,1572,1650
20,2011-01-20,Musim Semi,2011,January,0,Thursday,1,Mist or Cloudy,83,1844,1927
21,2011-01-21,Musim Semi,2011,January,0,Friday,1,Clear or Partly Cloudy,75,1468,1543
22,2011-01-22,Musim Semi,2011,January,0,Saturday,0,Clear or Partly Cloudy,93,888,981
23,2011-01-23,Musim Semi,2011,January,0,Sunday,0,Clear or Partly Cloudy,150,836,986
24,2011-01-24,Musim Semi,2011,January,0,Monday,1,Clear or Partly Cloudy,86,1330,1416
25,2011-01-25,Musim Semi,2011,January,0,Tuesday,1,Mist or Cloudy,186,1799,1985
26,2011-01-26,Musim Semi,2011,January,0,Wednesday,1,Light Snow or Rain with Thunderstorms,34,472,506
27,2011-01-27,Musim Semi,2011,January,0,Thursday,1,Clear or Partly Cloudy,15,416,431
28,2011-01-28,Musim Semi,2011,January,0,Friday,1,Mist or Cloudy,38,1129,1167
29,2011-01-29,Musim Semi,2011,January,0,Saturday,0,Clear or Partly Cloudy,123,975,1098
30,2011-01-30,Musim Semi,2011,January,0,Sunday,0,Clear or Partly Cloudy,140,956,1096
31,2011-01-31,Musim Semi,2011,January,0,Monday,1,Mist or Cloudy,42,1459,1501
32,2011-02-01,Musim Semi,2011,February,0,Tuesday,1,Mist or Cloudy,47,1313,1360
33,2011-02-02,Musim Semi,2011,February,0,Wednesday,1,Mist or Cloudy,72,1454,1526
34,2011-02-03,Musim Semi,2011,February,0,Thursday,1,Clear or Partly Cloudy,61,1489,1550
35,2011-02-04,Musim Semi,2011,February,0,Friday,1,Mist or Cloudy,88,1620,1708
36,2011-02-05,Musim Semi,2011,February,0,Saturday,0,Mist or Cloudy,100,905,1005
37,2011-02-06,Musim Semi,2011,February,0,Sunday,0,Clear or Partly Cloudy,354,1269,1623
38,2011-02-07,Musim Semi,2011,February,0,Monday,1,Clear or Partly Cloudy,120,1592,1712
39,2011-02-08,Musim Semi,2011,February,0,Tuesday,1,Clear or Partly Cloudy,64,1466,1530
40,2011-02-09,Musim Semi,2011,February,0,Wednesday,1,Mist or Cloudy,53,1552,1605
41,2011-02-10,Musim Semi,2011,February,0,Thursday,1,Clear or Partly Cloudy,47,1491,1538
42,2011-02-11,Musim Semi,2011,February,0,Friday,1,Clear or Partly Cloudy,149,1597,1746
43,2011-02-12,Musim Semi,2011,February,0,Saturday,0,Clear or Partly Cloudy,288,1184,1472
44,2011-02-13,Musim Semi,2011,February,0,Sunday,0,Clear or Partly Cloudy,397,1192,1589
45,2011-02-14,Musim Semi,2011,February,0,Monday,1,Clear or Partly Cloudy,208,1705,1913
46,2011-02-15,Musim Semi,2011,February,0,Tuesday,1,Clear or Partly Cloudy,140,1675,1815
47,2011-02-16,Musim Semi,2011,February,0,Wednesday,1,Clear or Partly Cloudy,218,1897,2115
48,2011-02-17,Musim Semi,2011,February,0,Thursday,1,Clear or Partly Cloudy,259,2216,2475
49,2011-02-18,Musim Semi,2011,February,0,Friday,1,Clear or Partly Cloudy,579,2348,2927
50,2011-02-19,Musim Semi,2011,February,0,Saturday,0,Clear or Partly Cloudy,532,1103,1635
51,2011-02-20,Musim Semi,2011,February,0,Sunday,0,Clear or Partly Cloudy,639,1173,1812
52,2011-02-21,Musim Semi,2011,February,1,Monday,0,Mist or Cloudy,195,912,1107
53,2011-02-22,Musim Semi,2011,February,0,Tuesday,1,Clear or Partly Cloudy,74,1376,1450
54,2011-02-23,Musim Semi,2011,February,0,Wednesday,1,Clear or Partly Cloudy,139,1778,1917
55,2011-02-24,Musim Semi,2011,February,0,Thursday,1,Mist or Cloudy,100,1707,1807
56,2011-02-25,Musim Semi,2011,February,0,Friday,1,Mist or Cloudy,120,1341,1461
57,2011-02-26,Musim Semi,2011,February,0,Saturday,0,Clear or Partly Cloudy,424,1545,1969
58,2011-02-27,Musim Semi,2011,February,0,Sunday,0,Clear or Partly Cloudy,694,1708,2402
59,2011-02-28,Musim Semi,2011,February,0,Monday,1,Mist or Cloudy,81,1365,1446
60,2011-03-01,Musim Semi,2011,March,0,Tuesday,1,Clear or Partly Cloudy,137,1714,1851
61,2011-03-02,Musim Semi,2011,March,0,Wednesday,1,Clear or Partly Cloudy,231,1903,2134
62,2011-03-03,Musim Semi,2011,March,0,Thursday,1,Clear or Partly Cloudy,123,1562,1685
63,2011-03-04,Musim Semi,2011,March,0,Friday,1,Mist or Cloudy,214,1730,1944
64,2011-03-05,Musim Semi,2011,March,0,Saturday,0,Mist or Cloudy,640,1437,2077
65,2011-03-06,Musim Semi,2011,March,0,Sunday,0,Mist or Cloudy,114,491,605
66,2011-03-07,Musim Semi,2011,March,0,Monday,1,Clear or Partly Cloudy,244,1628,1872
67,2011-03-08,Musim Semi,2011,March,0,Tuesday,1,Clear or Partly Cloudy,316,1817,2133
68,2011-03-09,Musim Semi,2011,March,0,Wednesday,1,Mist or Cloudy,191,1700,1891
69,2011-03-10,Musim Semi,2011,March,0,Thursday,1,Light Snow or Rain with Thunderstorms,46,577,623
70,2011-03-11,Musim Semi,2011,March,0,Friday,1,Mist or Cloudy,247,1730,1977
71,2011-03-12,Musim Semi,2011,March,0,Saturday,0,Clear or Partly Cloudy,724,1408,2132
72,2011-03-13,Musim Semi,2011,March,0,Sunday,0,Clear or Partly Cloudy,982,1435,2417
73,2011-03-14,Musim Semi,2011,March,0,Monday,1,Clear or Partly Cloudy,359,1687,2046
74,2011-03-15,Musim Semi,2011,March,0,Tuesday,1,Mist or Cloudy,289,1767,2056
75,2011-03-16,Musim Semi,2011,March,0,Wednesday,1,Mist or Cloudy,321,1871,2192
76,2011-03-17,Musim Semi,2011,March,0,Thursday,1,Clear or Partly Cloudy,424,2320,2744
77,2011-03-18,Musim Semi,2011,March,0,Friday,1,Clear or Partly Cloudy,884,2355,3239
78,2011-03-19,Musim Semi,2011,March,0,Saturday,0,Clear or Partly Cloudy,1424,1693,3117
79,2011-03-20,Musim Semi,2011,March,0,Sunday,0,Clear or Partly Cloudy,1047,1424,2471
80,2011-03-21,Musim Panas,2011,March,0,Monday,1,Mist or Cloudy,401,1676,2077
81,2011-03-22,Musim Panas,2011,March,0,Tuesday,1,Clear or Partly Cloudy,460,2243,2703
82,2011-03-23,Musim Panas,2011,March,0,Wednesday,1,Mist or Cloudy,203,1918,2121
83,2011-03-24,Musim Panas,2011,March,0,Thursday,1,Mist or Cloudy,166,1699,1865
84,2011-03-25,Musim Panas,2011,March,0,Friday,1,Clear or Partly Cloudy,300,1910,2210
85,2011-03-26,Musim Panas,2011,March,0,Saturday,0,Clear or Partly Cloudy,981,1515,2496
86,2011-03-27,Musim Panas,2011,March,0,Sunday,0,Mist or Cloudy,472,1221,1693
87,2011-03-28,Musim Panas,2011,March,0,Monday,1,Clear or Partly Cloudy,222,1806,2028
88,2011-03-29,Musim Panas,2011,March,0,Tuesday,1,Clear or Partly Cloudy,317,2108,2425
89,2011-03-30,Musim Panas,2011,March,0,Wednesday,1,Mist or Cloudy,168,1368,1536
90,2011-03-31,Musim Panas,2011,March,0,Thursday,1,Light Snow or Rain with Thunderstorms,179,1506,1685
91,2011-04-01,Musim Panas,2011,April,0,Friday,1,Mist or Cloudy,307,1920,2227
92,2011-04-02,Musim Panas,2011,April,0,Saturday,0,Mist or Cloudy,898,1354,2252
93,2011-04-03,Musim Panas,2011,April,0,Sunday,0,Clear or Partly Cloudy,1651,1598,3249
94,2011-04-04,Musim Panas,2011,April,0,Monday,1,Clear or Partly Cloudy,734,2381,3115
95,2011-04-05,Musim Panas,2011,April,0,Tuesday,1,Mist or Cloudy,167,1628,1795
96,2011-04-06,Musim Panas,2011,April,0,Wednesday,1,Clear or Partly Cloudy,413,2395,2808
97,2011-04-07,Musim Panas,2011,April,0,Thursday,1,Clear or Partly Cloudy,571,2570,3141
98,2011-04-08,Musim Panas,2011,April,0,Friday,1,Mist or Cloudy,172,1299,1471
99,2011-04-09,Musim Panas,2011,April,0,Saturday,0,Mist or Cloudy,879,1576,2455
100,2011-04-10,Musim Panas,2011,April,0,Sunday,0,Mist or Cloudy,1188,1707,2895
101,2011-04-11,Musim Panas,2011,April,0,Monday,1,Mist or Cloudy,855,2493,3348
102,2011-04-12,Musim Panas,2011,April,0,Tuesday,1,Mist or Cloudy,257,1777,2034
103,2011-04-13,Musim Panas,2011,April,0,Wednesday,1,Mist or Cloudy,209,1953,2162
104,2011-04-14,Musim Panas,2011,April,0,Thursday,1,Clear or Partly Cloudy,529,2738,3267
105,2011-04-15,Musim Panas,2011,April,1,Friday,0,Clear or Partly Cloudy,642,2484,3126
106,2011-04-16,Musim Panas,2011,April,0,Saturday,0,Light Snow or Rain with Thunderstorms,121,674,795
107,2011-04-17,Musim Panas,2011,April,0,Sunday,0,Clear or Partly Cloudy,1558,2186,3744
108,2011-04-18,Musim Panas,2011,April,0,Monday,1,Clear or Partly Cloudy,669,2760,3429
109,2011-04-19,Musim Panas,2011,April,0,Tuesday,1,Mist or Cloudy,409,2795,3204
110,2011-04-20,Musim Panas,2011,April,0,Wednesday,1,Clear or Partly Cloudy,613,3331,3944
111,2011-04-21,Musim Panas,2011,April,0,Thursday,1,Clear or Partly Cloudy,745,3444,4189
112,2011-04-22,Musim Panas,2011,April,0,Friday,1,Mist or Cloudy,177,1506,1683
113,2011-04-23,Musim Panas,2011,April,0,Saturday,0,Mist or Cloudy,1462,2574,4036
114,2011-04-24,Musim Panas,2011,April,0,Sunday,0,Mist or Cloudy,1710,2481,4191
115,2011-04-25,Musim Panas,2011,April,0,Monday,1,Clear or Partly Cloudy,773,3300,4073
116,2011-04-26,Musim Panas,2011,April,0,Tuesday,1,Clear or Partly Cloudy,678,3722,4400
117,2011-04-27,Musim Panas,2011,April,0,Wednesday,1,Mist or Cloudy,547,3325,3872
118,2011-04-28,Musim Panas,2011,April,0,Thursday,1,Mist or Cloudy,569,3489,4058
119,2011-04-29,Musim Panas,2011,April,0,Friday,1,Clear or Partly Cloudy,878,3717,4595
120,2011-04-30,Musim Panas,2011,April,0,Saturday,0,Clear or Partly Cloudy,1965,3347,5312
121,2011-05-01,Musim Panas,2011,May,0,Sunday,0,Mist or Cloudy,1138,2213,3351
122,2011-05-02,Musim Panas,2011,May,0,Monday,1,Mist or Cloudy,847,3554,4401
123,2011-05-03,Musim Panas,2011,May,0,Tuesday,1,Mist or Cloudy,603,3848,4451
124,2011-05-04,Musim Panas,2011,May,0,Wednesday,1,Mist or Cloudy,255,2378,2633
125,2011-05-05,Musim Panas,2011,May,0,Thursday,1,Clear or Partly Cloudy,614,3819,4433
126,2011-05-06,Musim Panas,2011,May,0,Friday,1,Clear or Partly Cloudy,894,3714,4608
127,2011-05-07,Musim Panas,2011,May,0,Saturday,0,Clear or Partly Cloudy,1612,3102,4714
128,2011-05-08,Musim Panas,2011,May,0,Sunday,0,Clear or Partly Cloudy,1401,2932,4333
129,2011-05-09,Musim Panas,2011,May,0,Monday,1,Clear or Partly Cloudy,664,3698,4362
130,2011-05-10,Musim Panas,2011,May,0,Tuesday,1,Clear or Partly Cloudy,694,4109,4803
131,2011-05-11,Musim Panas,2011,May,0,Wednesday,1,Clear or Partly Cloudy,550,3632,4182
132,2011-05-12,Musim Panas,2011,May,0,Thursday,1,Clear or Partly Cloudy,695,4169,4864
133,2011-05-13,Musim Panas,2011,May,0,Friday,1,Mist or Cloudy,692,3413,4105
134,2011-05-14,Musim Panas,2011,May,0,Saturday,0,Mist or Cloudy,902,2507,3409
135,2011-05-15,Musim Panas,2011,May,0,Sunday,0,Mist or Cloudy,1582,2971,4553
136,2011-05-16,Musim Panas,2011,May,0,Monday,1,Clear or Partly Cloudy,773,3185,3958
137,2011-05-17,Musim Panas,2011,May,0,Tuesday,1,Mist or Cloudy,678,3445,4123
138,2011-05-18,Musim Panas,2011,May,0,Wednesday,1,Mist or Cloudy,536,3319,3855
139,2011-05-19,Musim Panas,2011,May,0,Thursday,1,Mist or Cloudy,735,3840,4575
140,2011-05-20,Musim Panas,2011,May,0,Friday,1,Clear or Partly Cloudy,909,4008,4917
141,2011-05-21,Musim Panas,2011,May,0,Saturday,0,Clear or Partly Cloudy,2258,3547,5805
142,2011-05-22,Musim Panas,2011,May,0,Sunday,0,Clear or Partly Cloudy,1576,3084,4660
143,2011-05-23,Musim Panas,2011,May,0,Monday,1,Mist or Cloudy,836,3438,4274
144,2011-05-24,Musim Panas,2011,May,0,Tuesday,1,Mist or Cloudy,659,3833,4492
145,2011-05-25,Musim Panas,2011,May,0,Wednesday,1,Clear or Partly Cloudy,740,4238,4978
146,2011-05-26,Musim Panas,2011,May,0,Thursday,1,Clear or Partly Cloudy,758,3919,4677
147,2011-05-27,Musim Panas,2011,May,0,Friday,1,Clear or Partly Cloudy,871,3808,4679
148,2011-05-28,Musim Panas,2011,May,0,Saturday,0,Clear or Partly Cloudy,2001,2757,4758
149,2011-05-29,Musim Panas,2011,May,0,Sunday,0,Clear or Partly Cloudy,2355,2433,4788
150,2011-05-30,Musim Panas,2011,May,1,Monday,0,Clear or Partly Cloudy,1549,2549,4098
151,2011-05-31,Musim Panas,2011,May,0,Tuesday,1,Clear or Partly Cloudy,673,3309,3982
152,2011-06-01,Musim Panas,2011,June,0,Wednesday,1,Mist or Cloudy,513,3461,3974
153,2011-06-02,Musim Panas,2011,June,0,Thursday,1,Clear or Partly Cloudy,736,4232,4968
154,2011-06-03,Musim Panas,2011,June,0,Friday,1,Clear or Partly Cloudy,898,4414,5312
155,2011-06-04,Musim Panas,2011,June,0,Saturday,0,Clear or Partly Cloudy,1869,3473,5342
156,2011-06-05,Musim Panas,2011,June,0,Sunday,0,Mist or Cloudy,1685,3221,4906
157,2011-06-06,Musim Panas,2011,June,0,Monday,1,Clear or Partly Cloudy,673,3875,4548
158,2011-06-07,Musim Panas,2011,June,0,Tuesday,1,Clear or Partly Cloudy,763,4070,4833
159,2011-06-08,Musim Panas,2011,June,0,Wednesday,1,Clear or Partly Cloudy,676,3725,4401
160,2011-06-09,Musim Panas,2011,June,0,Thursday,1,Mist or Cloudy,563,3352,3915
161,2011-06-10,Musim Panas,2011,June,0,Friday,1,Clear or Partly Cloudy,815,3771,4586
162,2011-06-11,Musim Panas,2011,June,0,Saturday,0,Clear or Partly Cloudy,1729,3237,4966
163,2011-06-12,Musim Panas,2011,June,0,Sunday,0,Clear or Partly Cloudy,1467,2993,4460
164,2011-06-13,Musim Panas,2011,June,0,Monday,1,Clear or Partly Cloudy,863,4157,5020
165,2011-06-14,Musim Panas,2011,June,0,Tuesday,1,Clear or Partly Cloudy,727,4164,4891
166,2011-06-15,Musim Panas,2011,June,0,Wednesday,1,Clear or Partly Cloudy,769,4411,5180
167,2011-06-16,Musim Panas,2011,June,0,Thursday,1,Mist or Cloudy,545,3222,3767
168,2011-06-17,Musim Panas,2011,June,0,Friday,1,Clear or Partly Cloudy,863,3981,4844
169,2011-06-18,Musim Panas,2011,June,0,Saturday,0,Clear or Partly Cloudy,1807,3312,5119
170,2011-06-19,Musim Panas,2011,June,0,Sunday,0,Mist or Cloudy,1639,3105,4744
171,2011-06-20,Musim Panas,2011,June,0,Monday,1,Mist or Cloudy,699,3311,4010
172,2011-06-21,Musim Gugur,2011,June,0,Tuesday,1,Mist or Cloudy,774,4061,4835
173,2011-06-22,Musim Gugur,2011,June,0,Wednesday,1,Clear or Partly Cloudy,661,3846,4507
174,2011-06-23,Musim Gugur,2011,June,0,Thursday,1,Mist or Cloudy,746,4044,4790
175,2011-06-24,Musim Gugur,2011,June,0,Friday,1,Clear or Partly Cloudy,969,4022,4991
176,2011-06-25,Musim Gugur,2011,June,0,Saturday,0,Clear or Partly Cloudy,1782,3420,5202
177,2011-06-26,Musim Gugur,2011,June,0,Sunday,0,Clear or Partly Cloudy,1920,3385,5305
178,2011-06-27,Musim Gugur,2011,June,0,Monday,1,Mist or Cloudy,854,3854,4708
179,2011-06-28,Musim Gugur,2011,June,0,Tuesday,1,Clear or Partly Cloudy,732,3916,4648
180,2011-06-29,Musim Gugur,2011,June,0,Wednesday,1,Clear or Partly Cloudy,848,4377,5225
181,2011-06-30,Musim Gugur,2011,June,0,Thursday,1,Clear or Partly Cloudy,1027,4488,5515
182,2011-07-01,Musim Gugur,2011,July,0,Friday,1,Clear or Partly Cloudy,1246,4116,5362
183,2011-07-02,Musim Gugur,2011,July,0,Saturday,0,Clear or Partly Cloudy,2204,2915,5119
184,2011-07-03,Musim Gugur,2011,July,0,Sunday,0,Mist or Cloudy,2282,2367,4649
185,2011-07-04,Musim Gugur,2011,July,1,Monday,0,Mist or Cloudy,3065,2978,6043
186,2011-07-05,Musim Gugur,2011,July,0,Tuesday,1,Clear or Partly Cloudy,1031,3634,4665
187,2011-07-06,Musim Gugur,2011,July,0,Wednesday,1,Clear or Partly Cloudy,784,3845,4629
188,2011-07-07,Musim Gugur,2011,July,0,Thursday,1,Clear or Partly Cloudy,754,3838,4592
189,2011-07-08,Musim Gugur,2011,July,0,Friday,1,Mist or Cloudy,692,3348,4040
190,2011-07-09,Musim Gugur,2011,July,0,Saturday,0,Clear or Partly Cloudy,1988,3348,5336
191,2011-07-10,Musim Gugur,2011,July,0,Sunday,0,Clear or Partly Cloudy,1743,3138,4881
192,2011-07-11,Musim Gugur,2011,July,0,Monday,1,Clear or Partly Cloudy,723,3363,4086
193,2011-07-12,Musim Gugur,2011,July,0,Tuesday,1,Clear or Partly Cloudy,662,3596,4258
194,2011-07-13,Musim Gugur,2011,July,0,Wednesday,1,Clear or Partly Cloudy,748,3594,4342
195,2011-07-14,Musim Gugur,2011,July,0,Thursday,1,Clear or Partly Cloudy,888,4196,5084
196,2011-07-15,Musim Gugur,2011,July,0,Friday,1,Clear or Partly Cloudy,1318,4220,5538
197,2011-07-16,Musim Gugur,2011,July,0,Saturday,0,Clear or Partly Cloudy,2418,3505,5923
198,2011-07-17,Musim Gugur,2011,July,0,Sunday,0,Clear or Partly Cloudy,2006,3296,5302
199,2011-07-18,Musim Gugur,2011,July,0,Monday,1,Clear or Partly Cloudy,841,3617,4458
200,2011-07-19,Musim Gugur,2011,July,0,Tuesday,1,Clear or Partly Cloudy,752,3789,4541
201,2011-07-20,Musim Gugur,2011,July,0,Wednesday,1,Clear or Partly Cloudy,644,3688,4332
202,2011-07-21,Musim Gugur,2011,July,0,Thursday,1,Mist or Cloudy,632,3152,3784
203,2011-07-22,Musim Gugur,2011,July,0,Friday,1,Clear or Partly Cloudy,562,2825,3387
204,2011-07-23,Musim Gugur,2011,July,0,Saturday,0,Clear or Partly Cloudy,987,2298,3285
205,2011-07-24,Musim Gugur,2011,July,0,Sunday,0,Clear or Partly Cloudy,1050,2556,3606
206,2011-07-25,Musim Gugur,2011,July,0,Monday,1,Clear or Partly Cloudy,568,3272,3840
207,2011-07-26,Musim Gugur,2011,July,0,Tuesday,1,Clear or Partly Cloudy,750,3840,4590
208,2011-07-27,Musim Gugur,2011,July,0,Wednesday,1,Clear or Partly Cloudy,755,3901,4656
209,2011-07-28,Musim Gugur,2011,July,0,Thursday,1,Clear or Partly Cloudy,606,3784,4390
210,2011-07-29,Musim Gugur,2011,July,0,Friday,1,Clear or Partly Cloudy,670,3176,3846
211,2011-07-30,Musim Gugur,2011,July,0,Saturday,0,Clear or Partly Cloudy,1559,2916,4475
212,2011-07-31,Musim Gugur,2011,July,0,Sunday,0,Clear or Partly Cloudy,1524,2778,4302
213,2011-08-01,Musim Gugur,2011,August,0,Monday,1,Clear or Partly Cloudy,729,3537,4266
214,2011-08-02,Musim Gugur,2011,August,0,Tuesday,1,Clear or Partly Cloudy,801,4044,4845
215,2011-08-03,Musim Gugur,2011,August,0,Wednesday,1,Mist or Cloudy,467,3107,3574
216,2011-08-04,Musim Gugur,2011,August,0,Thursday,1,Mist or Cloudy,799,3777,4576
217,2011-08-05,Musim Gugur,2011,August,0,Friday,1,Clear or Partly Cloudy,1023,3843,4866
218,2011-08-06,Musim Gugur,2011,August,0,Saturday,0,Mist or Cloudy,1521,2773,4294
219,2011-08-07,Musim Gugur,2011,August,0,Sunday,0,Clear or Partly Cloudy,1298,2487,3785
220,2011-08-08,Musim Gugur,2011,August,0,Monday,1,Clear or Partly Cloudy,846,3480,4326
221,2011-08-09,Musim Gugur,2011,August,0,Tuesday,1,Clear or Partly Cloudy,907,3695,4602
222,2011-08-10,Musim Gugur,2011,August,0,Wednesday,1,Clear or Partly Cloudy,884,3896,4780
223,2011-08-11,Musim Gugur,2011,August,0,Thursday,1,Clear or Partly Cloudy,812,3980,4792
224,2011-08-12,Musim Gugur,2011,August,0,Friday,1,Clear or Partly Cloudy,1051,3854,4905
225,2011-08-13,Musim Gugur,2011,August,0,Saturday,0,Mist or Cloudy,1504,2646,4150
226,2011-08-14,Musim Gugur,2011,August,0,Sunday,0,Mist or Cloudy,1338,2482,3820
227,2011-08-15,Musim Gugur,2011,August,0,Monday,1,Clear or Partly Cloudy,775,3563,4338
228,2011-08-16,Musim Gugur,2011,August,0,Tuesday,1,Clear or Partly Cloudy,721,4004,4725
229,2011-08-17,Musim Gugur,2011,August,0,Wednesday,1,Clear or Partly Cloudy,668,4026,4694
230,2011-08-18,Musim Gugur,2011,August,0,Thursday,1,Clear or Partly Cloudy,639,3166,3805
231,2011-08-19,Musim Gugur,2011,August,0,Friday,1,Mist or Cloudy,797,3356,4153
232,2011-08-20,Musim Gugur,2011,August,0,Saturday,0,Clear or Partly Cloudy,1914,3277,5191
233,2011-08-21,Musim Gugur,2011,August,0,Sunday,0,Clear or Partly Cloudy,1249,2624,3873
234,2011-08-22,Musim Gugur,2011,August,0,Monday,1,Clear or Partly Cloudy,833,3925,4758
235,2011-08-23,Musim Gugur,2011,August,0,Tuesday,1,Clear or Partly Cloudy,1281,4614,5895
236,2011-08-24,Musim Gugur,2011,August,0,Wednesday,1,Clear or Partly Cloudy,949,4181,5130
237,2011-08-25,Musim Gugur,2011,August,0,Thursday,1,Mist or Cloudy,435,3107,3542
238,2011-08-26,Musim Gugur,2011,August,0,Friday,1,Clear or Partly Cloudy,768,3893,4661
239,2011-08-27,Musim Gugur,2011,August,0,Saturday,0,Mist or Cloudy,226,889,1115
240,2011-08-28,Musim Gugur,2011,August,0,Sunday,0,Clear or Partly Cloudy,1415,2919,4334
241,2011-08-29,Musim Gugur,2011,August,0,Monday,1,Clear or Partly Cloudy,729,3905,4634
242,2011-08-30,Musim Gugur,2011,August,0,Tuesday,1,Clear or Partly Cloudy,775,4429,5204
243,2011-08-31,Musim Gugur,2011,August,0,Wednesday,1,Clear or Partly Cloudy,688,4370,5058
244,2011-09-01,Musim Gugur,2011,September,0,Thursday,1,Clear or Partly Cloudy,783,4332,5115
245,2011-09-02,Musim Gugur,2011,September,0,Friday,1,Mist or Cloudy,875,3852,4727
246,2011-09-03,Musim Gugur,2011,September,0,Saturday,0,Clear or Partly Cloudy,1935,2549,4484
247,2011-09-04,Musim Gugur,2011,September,0,Sunday,0,Clear or Partly Cloudy,2521,2419,4940
248,2011-09-05,Musim Gugur,2011,September,1,Monday,0,Mist or Cloudy,1236,2115,3351
249,2011-09-06,Musim Gugur,2011,September,0,Tuesday,1,Light Snow or Rain with Thunderstorms,204,2506,2710
250,2011-09-07,Musim Gugur,2011,September,0,Wednesday,1,Light Snow or Rain with Thunderstorms,118,1878,1996
251,2011-09-08,Musim Gugur,2011,September,0,Thursday,1,Light Snow or Rain with Thunderstorms,153,1689,1842
252,2011-09-09,Musim Gugur,2011,September,0,Friday,1,Mist or Cloudy,417,3127,3544
253,2011-09-10,Musim Gugur,2011,September,0,Saturday,0,Clear or Partly Cloudy,1750,3595,5345
254,2011-09-11,Musim Gugur,2011,September,0,Sunday,0,Clear or Partly Cloudy,1633,3413,5046
255,2011-09-12,Musim Gugur,2011,September,0,Monday,1,Clear or Partly Cloudy,690,4023,4713
256,2011-09-13,Musim Gugur,2011,September,0,Tuesday,1,Clear or Partly Cloudy,701,4062,4763
257,2011-09-14,Musim Gugur,2011,September,0,Wednesday,1,Clear or Partly Cloudy,647,4138,4785
258,2011-09-15,Musim Gugur,2011,September,0,Thursday,1,Mist or Cloudy,428,3231,3659
259,2011-09-16,Musim Gugur,2011,September,0,Friday,1,Mist or Cloudy,742,4018,4760
260,2011-09-17,Musim Gugur,2011,September,0,Saturday,0,Mist or Cloudy,1434,3077,4511
261,2011-09-18,Musim Gugur,2011,September,0,Sunday,0,Clear or Partly Cloudy,1353,2921,4274
262,2011-09-19,Musim Gugur,2011,September,0,Monday,1,Mist or Cloudy,691,3848,4539
263,2011-09-20,Musim Gugur,2011,September,0,Tuesday,1,Mist or Cloudy,438,3203,3641
264,2011-09-21,Musim Gugur,2011,September,0,Wednesday,1,Mist or Cloudy,539,3813,4352
265,2011-09-22,Musim Gugur,2011,September,0,Thursday,1,Mist or Cloudy,555,4240,4795
266,2011-09-23,Musim Dingin,2011,September,0,Friday,1,Mist or Cloudy,258,2137,2395
267,2011-09-24,Musim Dingin,2011,September,0,Saturday,0,Mist or Cloudy,1776,3647,5423
268,2011-09-25,Musim Dingin,2011,September,0,Sunday,0,Mist or Cloudy,1544,3466,5010
269,2011-09-26,Musim Dingin,2011,September,0,Monday,1,Mist or Cloudy,684,3946,4630
270,2011-09-27,Musim Dingin,2011,September,0,Tuesday,1,Mist or Cloudy,477,3643,4120
271,2011-09-28,Musim Dingin,2011,September,0,Wednesday,1,Mist or Cloudy,480,3427,3907
272,2011-09-29,Musim Dingin,2011,September,0,Thursday,1,Clear or Partly Cloudy,653,4186,4839
273,2011-09-30,Musim Dingin,2011,September,0,Friday,1,Clear or Partly Cloudy,830,4372,5202
274,2011-10-01,Musim Dingin,2011,October,0,Saturday,0,Mist or Cloudy,480,1949,2429
275,2011-10-02,Musim Dingin,2011,October,0,Sunday,0,Mist or Cloudy,616,2302,2918
276,2011-10-03,Musim Dingin,2011,October,0,Monday,1,Mist or Cloudy,330,3240,3570
277,2011-10-04,Musim Dingin,2011,October,0,Tuesday,1,Clear or Partly Cloudy,486,3970,4456
278,2011-10-05,Musim Dingin,2011,October,0,Wednesday,1,Clear or Partly Cloudy,559,4267,4826
279,2011-10-06,Musim Dingin,2011,October,0,Thursday,1,Clear or Partly Cloudy,639,4126,4765
280,2011-10-07,Musim Dingin,2011,October,0,Friday,1,Clear or Partly Cloudy,949,4036,4985
281,2011-10-08,Musim Dingin,2011,October,0,Saturday,0,Clear or Partly Cloudy,2235,3174,5409
282,2011-10-09,Musim Dingin,2011,October,0,Sunday,0,Clear or Partly Cloudy,2397,3114,5511
283,2011-10-10,Musim Dingin,2011,October,1,Monday,0,Clear or Partly Cloudy,1514,3603,5117
284,2011-10-11,Musim Dingin,2011,October,0,Tuesday,1,Mist or Cloudy,667,3896,4563
285,2011-10-12,Musim Dingin,2011,October,0,Wednesday,1,Light Snow or Rain with Thunderstorms,217,2199,2416
286,2011-10-13,Musim Dingin,2011,October,0,Thursday,1,Mist or Cloudy,290,2623,2913
287,2011-10-14,Musim Dingin,2011,October,0,Friday,1,Mist or Cloudy,529,3115,3644
288,2011-10-15,Musim Dingin,2011,October,0,Saturday,0,Clear or Partly Cloudy,1899,3318,5217
289,2011-10-16,Musim Dingin,2011,October,0,Sunday,0,Clear or Partly Cloudy,1748,3293,5041
290,2011-10-17,Musim Dingin,2011,October,0,Monday,1,Clear or Partly Cloudy,713,3857,4570
291,2011-10-18,Musim Dingin,2011,October,0,Tuesday,1,Mist or Cloudy,637,4111,4748
292,2011-10-19,Musim Dingin,2011,October,0,Wednesday,1,Light Snow or Rain with Thunderstorms,254,2170,2424
293,2011-10-20,Musim Dingin,2011,October,0,Thursday,1,Clear or Partly Cloudy,471,3724,4195
294,2011-10-21,Musim Dingin,2011,October,0,Friday,1,Clear or Partly Cloudy,676,3628,4304
295,2011-10-22,Musim Dingin,2011,October,0,Saturday,0,Clear or Partly Cloudy,1499,2809,4308
296,2011-10-23,Musim Dingin,2011,October,0,Sunday,0,Clear or Partly Cloudy,1619,2762,4381
297,2011-10-24,Musim Dingin,2011,October,0,Monday,1,Clear or Partly Cloudy,699,3488,4187
298,2011-10-25,Musim Dingin,2011,October,0,Tuesday,1,Clear or Partly Cloudy,695,3992,4687
299,2011-10-26,Musim Dingin,2011,October,0,Wednesday,1,Mist or Cloudy,404,3490,3894
300,2011-10-27,Musim Dingin,2011,October,0,Thursday,1,Mist or Cloudy,240,2419,2659
301,2011-10-28,Musim Dingin,2011,October,0,Friday,1,Mist or Cloudy,456,3291,3747
302,2011-10-29,Musim Dingin,2011,October,0,Saturday,0,Light Snow or Rain with Thunderstorms,57,570,627
303,2011-10-30,Musim Dingin,2011,October,0,Sunday,0,Clear or Partly Cloudy,885,2446,3331
304,2011-10-31,Musim Dingin,2011,October,0,Monday,1,Clear or Partly Cloudy,362,3307,3669
305,2011-11-01,Musim Dingin,2011,November,0,Tuesday,1,Clear or Partly Cloudy,410,3658,4068
306,2011-11-02,Musim Dingin,2011,November,0,Wednesday,1,Clear or Partly Cloudy,370,3816,4186
307,2011-11-03,Musim Dingin,2011,November,0,Thursday,1,Clear or Partly Cloudy,318,3656,3974
308,2011-11-04,Musim Dingin,2011,November,0,Friday,1,Mist or Cloudy,470,3576,4046
309,2011-11-05,Musim Dingin,2011,November,0,Saturday,0,Clear or Partly Cloudy,1156,2770,3926
310,2011-11-06,Musim Dingin,2011,November,0,Sunday,0,Clear or Partly Cloudy,952,2697,3649
311,2011-11-07,Musim Dingin,2011,November,0,Monday,1,Clear or Partly Cloudy,373,3662,4035
312,2011-11-08,Musim Dingin,2011,November,0,Tuesday,1,Clear or Partly Cloudy,376,3829,4205
313,2011-11-09,Musim Dingin,2011,November,0,Wednesday,1,Clear or Partly Cloudy,305,3804,4109
314,2011-11-10,Musim Dingin,2011,November,0,Thursday,1,Mist or Cloudy,190,2743,2933
315,2011-11-11,Musim Dingin,2011,November,1,Friday,0,Clear or Partly Cloudy,440,2928,3368
316,2011-11-12,Musim Dingin,2011,November,0,Saturday,0,Clear or Partly Cloudy,1275,2792,4067
317,2011-11-13,Musim Dingin,2011,November,0,Sunday,0,Clear or Partly Cloudy,1004,2713,3717
318,2011-11-14,Musim Dingin,2011,November,0,Monday,1,Clear or Partly Cloudy,595,3891,4486
319,2011-11-15,Musim Dingin,2011,November,0,Tuesday,1,Mist or Cloudy,449,3746,4195
320,2011-11-16,Musim Dingin,2011,November,0,Wednesday,1,Light Snow or Rain with Thunderstorms,145,1672,1817
321,2011-11-17,Musim Dingin,2011,November,0,Thursday,1,Mist or Cloudy,139,2914,3053
322,2011-11-18,Musim Dingin,2011,November,0,Friday,1,Clear or Partly Cloudy,245,3147,3392
323,2011-11-19,Musim Dingin,2011,November,0,Saturday,0,Clear or Partly Cloudy,943,2720,3663
324,2011-11-20,Musim Dingin,2011,November,0,Sunday,0,Mist or Cloudy,787,2733,3520
325,2011-11-21,Musim Dingin,2011,November,0,Monday,1,Light Snow or Rain with Thunderstorms,220,2545,2765
326,2011-11-22,Musim Dingin,2011,November,0,Tuesday,1,Light Snow or Rain with Thunderstorms,69,1538,1607
327,2011-11-23,Musim Dingin,2011,November,0,Wednesday,1,Mist or Cloudy,112,2454,2566
328,2011-11-24,Musim Dingin,2011,November,1,Thursday,0,Clear or Partly Cloudy,560,935,1495
329,2011-11-25,Musim Dingin,2011,November,0,Friday,1,Clear or Partly Cloudy,1095,1697,2792
330,2011-11-26,Musim Dingin,2011,November,0,Saturday,0,Clear or Partly Cloudy,1249,1819,3068
331,2011-11-27,Musim Dingin,2011,November,0,Sunday,0,Clear or Partly Cloudy,810,2261,3071
332,2011-11-28,Musim Dingin,2011,November,0,Monday,1,Clear or Partly Cloudy,253,3614,3867
333,2011-11-29,Musim Dingin,2011,November,0,Tuesday,1,Mist or Cloudy,96,2818,2914
334,2011-11-30,Musim Dingin,2011,November,0,Wednesday,1,Clear or Partly Cloudy,188,3425,3613
335,2011-12-01,Musim Dingin,2011,December,0,Thursday,1,Clear or Partly Cloudy,182,3545,3727
336,2011-12-02,Musim Dingin,2011,December,0,Friday,1,Clear or Partly Cloudy,268,3672,3940
337,2011-12-03,Musim Dingin,2011,December,0,Saturday,0,Clear or Partly Cloudy,706,2908,3614
338,2011-12-04,Musim Dingin,2011,December,0,Sunday,0,Clear or Partly Cloudy,634,2851,3485
339,2011-12-05,Musim Dingin,2011,December,0,Monday,1,Mist or Cloudy,233,3578,3811
340,2011-12-06,Musim Dingin,2011,December,0,Tuesday,1,Light Snow or Rain with Thunderstorms,126,2468,2594
341,2011-12-07,Musim Dingin,2011,December,0,Wednesday,1,Light Snow or Rain with Thunderstorms,50,655,705
342,2011-12-08,Musim Dingin,2011,December,0,Thursday,1,Clear or Partly Cloudy,150,3172,3322
343,2011-12-09,Musim Dingin,2011,December,0,Friday,1,Clear or Partly Cloudy,261,3359,3620
344,2011-12-10,Musim Dingin,2011,December,0,Saturday,0,Clear or Partly Cloudy,502,2688,3190
345,2011-12-11,Musim Dingin,2011,December,0,Sunday,0,Clear or Partly Cloudy,377,2366,2743
346,2011-12-12,Musim Dingin,2011,December,0,Monday,1,Clear or Partly Cloudy,143,3167,3310
347,2011-12-13,Musim Dingin,2011,December,0,Tuesday,1,Clear or Partly Cloudy,155,3368,3523
348,2011-12-14,Musim Dingin,2011,December,0,Wednesday,1,Mist or Cloudy,178,3562,3740
349,2011-12-15,Musim Dingin,2011,December,0,Thursday,1,Mist or Cloudy,181,3528,3709
350,2011-12-16,Musim Dingin,2011,December,0,Friday,1,Mist or Cloudy,178,3399,3577
351,2011-12-17,Musim Dingin,2011,December,0,Saturday,0,Mist or Cloudy,275,2464,2739
352,2011-12-18,Musim Dingin,2011,December,0,Sunday,0,Clear or Partly Cloudy,220,2211,2431
353,2011-12-19,Musim Dingin,2011,December,0,Monday,1,Clear or Partly Cloudy,260,3143,3403
354,2011-12-20,Musim Dingin,2011,December,0,Tuesday,1,Mist or Cloudy,216,3534,3750
355,2011-12-21,Musim Semi,2011,December,0,Wednesday,1,Mist or Cloudy,107,2553,2660
356,2011-12-22,Musim Semi,2011,December,0,Thursday,1,Mist or Cloudy,227,2841,3068
357,2011-12-23,Musim Semi,2011,December,0,Friday,1,Clear or Partly Cloudy,163,2046,2209
358,2011-12-24,Musim Semi,2011,December,0,Saturday,0,Clear or Partly Cloudy,155,856,1011
359,2011-12-25,Musim Semi,2011,December,0,Sunday,0,Clear or Partly Cloudy,303,451,754
360,2011-12-26,Musim Semi,2011,December,1,Monday,0,Clear or Partly Cloudy,430,887,1317
361,2011-12-27,Musim Semi,2011,December,0,Tuesday,1,Mist or Cloudy,103,1059,1162
362,2011-12-28,Musim Semi,2011,December,0,Wednesday,1,Clear or Partly Cloudy,255,2047,2302
363,2011-12-29,Musim Semi,2011,December,0,Thursday,1,Clear or Partly Cloudy,254,2169,2423
364,2011-12-30,Musim Semi,2011,December,0,Friday,1,Clear or Partly Cloudy,491,2508,2999
365,2011-12-31,Musim Semi,2011,December,0,Saturday,0,Clear or Partly Cloudy,665,1820,2485
366,2012-01-01,Musim Semi,2012,January,0,Sunday,0,Clear or Partly Cloudy,686,1608,2294
367,2012-01-02,Musim Semi,2012,January,1,Monday,0,Clear or Partly Cloudy,244,1707,1951
368,2012-01-03,Musim Semi,2012,January,0,Tuesday,1,Clear or Partly Cloudy,89,2147,2236
369,2012-01-04,Musim Semi,2012,January,0,Wednesday,1,Mist or Cloudy,95,2273,2368
370,2012-01-05,Musim Semi,2012,January,0,Thursday,1,Clear or Partly Cloudy,140,3132,3272
371,2012-01-06,Musim Semi,2012,January,0,Friday,1,Clear or Partly Cloudy,307,3791,4098
372,2012-01-07,Musim Semi,2012,January,0,Saturday,0,Clear or Partly Cloudy,1070,3451,4521
373,2012-01-08,Musim Semi,2012,January,0,Sunday,0,Clear or Partly Cloudy,599,2826,3425
374,2012-01-09,Musim Semi,2012,January,0,Monday,1,Mist or Cloudy,106,2270,2376
375,2012-01-10,Musim Semi,2012,January,0,Tuesday,1,Clear or Partly Cloudy,173,3425,3598
376,2012-01-11,Musim Semi,2012,January,0,Wednesday,1,Mist or Cloudy,92,2085,2177
377,2012-01-12,Musim Semi,2012,January,0,Thursday,1,Mist or Cloudy,269,3828,4097
378,2012-01-13,Musim Semi,2012,January,0,Friday,1,Clear or Partly Cloudy,174,3040,3214
379,2012-01-14,Musim Semi,2012,January,0,Saturday,0,Clear or Partly Cloudy,333,2160,2493
380,2012-01-15,Musim Semi,2012,January,0,Sunday,0,Clear or Partly Cloudy,284,2027,2311
381,2012-01-16,Musim Semi,2012,January,1,Monday,0,Clear or Partly Cloudy,217,2081,2298
382,2012-01-17,Musim Semi,2012,January,0,Tuesday,1,Mist or Cloudy,127,2808,2935
383,2012-01-18,Musim Semi,2012,January,0,Wednesday,1,Clear or Partly Cloudy,109,3267,3376
384,2012-01-19,Musim Semi,2012,January,0,Thursday,1,Clear or Partly Cloudy,130,3162,3292
385,2012-01-20,Musim Semi,2012,January,0,Friday,1,Mist or Cloudy,115,3048,3163
386,2012-01-21,Musim Semi,2012,January,0,Saturday,0,Mist or Cloudy,67,1234,1301
387,2012-01-22,Musim Semi,2012,January,0,Sunday,0,Mist or Cloudy,196,1781,1977
388,2012-01-23,Musim Semi,2012,January,0,Monday,1,Mist or Cloudy,145,2287,2432
389,2012-01-24,Musim Semi,2012,January,0,Tuesday,1,Clear or Partly Cloudy,439,3900,4339
390,2012-01-25,Musim Semi,2012,January,0,Wednesday,1,Clear or Partly Cloudy,467,3803,4270
391,2012-01-26,Musim Semi,2012,January,0,Thursday,1,Mist or Cloudy,244,3831,4075
392,2012-01-27,Musim Semi,2012,January,0,Friday,1,Mist or Cloudy,269,3187,3456
393,2012-01-28,Musim Semi,2012,January,0,Saturday,0,Clear or Partly Cloudy,775,3248,4023
394,2012-01-29,Musim Semi,2012,January,0,Sunday,0,Clear or Partly Cloudy,558,2685,3243
395,2012-01-30,Musim Semi,2012,January,0,Monday,1,Clear or Partly Cloudy,126,3498,3624
396,2012-01-31,Musim Semi,2012,January,0,Tuesday,1,Clear or Partly Cloudy,324,4185,4509
397,2012-02-01,Musim Semi,2012,February,0,Wednesday,1,Clear or Partly Cloudy,304,4275,4579
398,2012-02-02,Musim Semi,2012,February,0,Thursday,1,Mist or Cloudy,190,3571,3761
399,2012-02-03,Musim Semi,2012,February,0,Friday,1,Clear or Partly Cloudy,310,3841,4151
400,2012-02-04,Musim Semi,2012,February,0,Saturday,0,Mist or Cloudy,384,2448,2832
401,2012-02-05,Musim Semi,2012,February,0,Sunday,0,Mist or Cloudy,318,2629,2947
402,2012-02-06,Musim Semi,2012,February,0,Monday,1,Clear or Partly Cloudy,206,3578,3784
403,2012-02-07,Musim Semi,2012,February,0,Tuesday,1,Clear or Partly Cloudy,199,4176,4375
404,2012-02-08,Musim Semi,2012,February,0,Wednesday,1,Mist or Cloudy,109,2693,2802
405,2012-02-09,Musim Semi,2012,February,0,Thursday,1,Clear or Partly Cloudy,163,3667,3830
406,2012-02-10,Musim Semi,2012,February,0,Friday,1,Mist or Cloudy,227,3604,3831
407,2012-02-11,Musim Semi,2012,February,0,Saturday,0,Light Snow or Rain with Thunderstorms,192,1977,2169
408,2012-02-12,Musim Semi,2012,February,0,Sunday,0,Clear or Partly Cloudy,73,1456,1529
409,2012-02-13,Musim Semi,2012,February,0,Monday,1,Clear or Partly Cloudy,94,3328,3422
410,2012-02-14,Musim Semi,2012,February,0,Tuesday,1,Mist or Cloudy,135,3787,3922
411,2012-02-15,Musim Semi,2012,February,0,Wednesday,1,Clear or Partly Cloudy,141,4028,4169
412,2012-02-16,Musim Semi,2012,February,0,Thursday,1,Mist or Cloudy,74,2931,3005
413,2012-02-17,Musim Semi,2012,February,0,Friday,1,Clear or Partly Cloudy,349,3805,4154
414,2012-02-18,Musim Semi,2012,February,0,Saturday,0,Clear or Partly Cloudy,1435,2883,4318
415,2012-02-19,Musim Semi,2012,February,0,Sunday,0,Mist or Cloudy,618,2071,2689
416,2012-02-20,Musim Semi,2012,February,1,Monday,0,Clear or Partly Cloudy,502,2627,3129
417,2012-02-21,Musim Semi,2012,February,0,Tuesday,1,Clear or Partly Cloudy,163,3614,3777
418,2012-02-22,Musim Semi,2012,February,0,Wednesday,1,Clear or Partly Cloudy,394,4379,4773
419,2012-02-23,Musim Semi,2012,February,0,Thursday,1,Clear or Partly Cloudy,516,4546,5062
420,2012-02-24,Musim Semi,2012,February,0,Friday,1,Mist or Cloudy,246,3241,3487
421,2012-02-25,Musim Semi,2012,February,0,Saturday,0,Clear or Partly Cloudy,317,2415,2732
422,2012-02-26,Musim Semi,2012,February,0,Sunday,0,Clear or Partly Cloudy,515,2874,3389
423,2012-02-27,Musim Semi,2012,February,0,Monday,1,Clear or Partly Cloudy,253,4069,4322
424,2012-02-28,Musim Semi,2012,February,0,Tuesday,1,Clear or Partly Cloudy,229,4134,4363
425,2012-02-29,Musim Semi,2012,February,0,Wednesday,1,Mist or Cloudy,65,1769,1834
426,2012-03-01,Musim Semi,2012,March,0,Thursday,1,Clear or Partly Cloudy,325,4665,4990
427,2012-03-02,Musim Semi,2012,March,0,Friday,1,Mist or Cloudy,246,2948,3194
428,2012-03-03,Musim Semi,2012,March,0,Saturday,0,Mist or Cloudy,956,3110,4066
429,2012-03-04,Musim Semi,2012,March,0,Sunday,0,Clear or Partly Cloudy,710,2713,3423
430,2012-03-05,Musim Semi,2012,March,0,Monday,1,Clear or Partly Cloudy,203,3130,3333
431,2012-03-06,Musim Semi,2012,March,0,Tuesday,1,Clear or Partly Cloudy,221,3735,3956
432,2012-03-07,Musim Semi,2012,March,0,Wednesday,1,Clear or Partly Cloudy,432,4484,4916
433,2012-03-08,Musim Semi,2012,March,0,Thursday,1,Clear or Partly Cloudy,486,4896,5382
434,2012-03-09,Musim Semi,2012,March,0,Friday,1,Mist or Cloudy,447,4122,4569
435,2012-03-10,Musim Semi,2012,March,0,Saturday,0,Clear or Partly Cloudy,968,3150,4118
436,2012-03-11,Musim Semi,2012,March,0,Sunday,0,Clear or Partly Cloudy,1658,3253,4911
437,2012-03-12,Musim Semi,2012,March,0,Monday,1,Clear or Partly Cloudy,838,4460,5298
438,2012-03-13,Musim Semi,2012,March,0,Tuesday,1,Clear or Partly Cloudy,762,5085,5847
439,2012-03-14,Musim Semi,2012,March,0,Wednesday,1,Clear or Partly Cloudy,997,5315,6312
440,2012-03-15,Musim Semi,2012,March,0,Thursday,1,Clear or Partly Cloudy,1005,5187,6192
441,2012-03-16,Musim Semi,2012,March,0,Friday,1,Mist or Cloudy,548,3830,4378
442,2012-03-17,Musim Semi,2012,March,0,Saturday,0,Mist or Cloudy,3155,4681,7836
443,2012-03-18,Musim Semi,2012,March,0,Sunday,0,Mist or Cloudy,2207,3685,5892
444,2012-03-19,Musim Semi,2012,March,0,Monday,1,Clear or Partly Cloudy,982,5171,6153
445,2012-03-20,Musim Semi,2012,March,0,Tuesday,1,Clear or Partly Cloudy,1051,5042,6093
446,2012-03-21,Musim Panas,2012,March,0,Wednesday,1,Mist or Cloudy,1122,5108,6230
447,2012-03-22,Musim Panas,2012,March,0,Thursday,1,Clear or Partly Cloudy,1334,5537,6871
448,2012-03-23,Musim Panas,2012,March,0,Friday,1,Mist or Cloudy,2469,5893,8362
449,2012-03-24,Musim Panas,2012,March,0,Saturday,0,Mist or Cloudy,1033,2339,3372
450,2012-03-25,Musim Panas,2012,March,0,Sunday,0,Mist or Cloudy,1532,3464,4996
451,2012-03-26,Musim Panas,2012,March,0,Monday,1,Clear or Partly Cloudy,795,4763,5558
452,2012-03-27,Musim Panas,2012,March,0,Tuesday,1,Clear or Partly Cloudy,531,4571,5102
453,2012-03-28,Musim Panas,2012,March,0,Wednesday,1,Clear or Partly Cloudy,674,5024,5698
454,2012-03-29,Musim Panas,2012,March,0,Thursday,1,Clear or Partly Cloudy,834,5299,6133
455,2012-03-30,Musim Panas,2012,March,0,Friday,1,Mist or Cloudy,796,4663,5459
456,2012-03-31,Musim Panas,2012,March,0,Saturday,0,Mist or Cloudy,2301,3934,6235
457,2012-04-01,Musim Panas,2012,April,0,Sunday,0,Mist or Cloudy,2347,3694,6041
458,2012-04-02,Musim Panas,2012,April,0,Monday,1,Clear or Partly Cloudy,1208,4728,5936
459,2012-04-03,Musim Panas,2012,April,0,Tuesday,1,Clear or Partly Cloudy,1348,5424,6772
460,2012-04-04,Musim Panas,2012,April,0,Wednesday,1,Clear or Partly Cloudy,1058,5378,6436
461,2012-04-05,Musim Panas,2012,April,0,Thursday,1,Clear or Partly Cloudy,1192,5265,6457
462,2012-04-06,Musim Panas,2012,April,0,Friday,1,Clear or Partly Cloudy,1807,4653,6460
463,2012-04-07,Musim Panas,2012,April,0,Saturday,0,Clear or Partly Cloudy,3252,3605,6857
464,2012-04-08,Musim Panas,2012,April,0,Sunday,0,Clear or Partly Cloudy,2230,2939,5169
465,2012-04-09,Musim Panas,2012,April,0,Monday,1,Clear or Partly Cloudy,905,4680,5585
466,2012-04-10,Musim Panas,2012,April,0,Tuesday,1,Clear or Partly Cloudy,819,5099,5918
467,2012-04-11,Musim Panas,2012,April,0,Wednesday,1,Clear or Partly Cloudy,482,4380,4862
468,2012-04-12,Musim Panas,2012,April,0,Thursday,1,Clear or Partly Cloudy,663,4746,5409
469,2012-04-13,Musim Panas,2012,April,0,Friday,1,Clear or Partly Cloudy,1252,5146,6398
470,2012-04-14,Musim Panas,2012,April,0,Saturday,0,Clear or Partly Cloudy,2795,4665,7460
471,2012-04-15,Musim Panas,2012,April,0,Sunday,0,Clear or Partly Cloudy,2846,4286,7132
472,2012-04-16,Musim Panas,2012,April,1,Monday,0,Clear or Partly Cloudy,1198,5172,6370
473,2012-04-17,Musim Panas,2012,April,0,Tuesday,1,Clear or Partly Cloudy,989,5702,6691
474,2012-04-18,Musim Panas,2012,April,0,Wednesday,1,Mist or Cloudy,347,4020,4367
475,2012-04-19,Musim Panas,2012,April,0,Thursday,1,Clear or Partly Cloudy,846,5719,6565
476,2012-04-20,Musim Panas,2012,April,0,Friday,1,Clear or Partly Cloudy,1340,5950,7290
477,2012-04-21,Musim Panas,2012,April,0,Saturday,0,Clear or Partly Cloudy,2541,4083,6624
478,2012-04-22,Musim Panas,2012,April,0,Sunday,0,Light Snow or Rain with Thunderstorms,120,907,1027
479,2012-04-23,Musim Panas,2012,April,0,Monday,1,Mist or Cloudy,195,3019,3214
480,2012-04-24,Musim Panas,2012,April,0,Tuesday,1,Clear or Partly Cloudy,518,5115,5633
481,2012-04-25,Musim Panas,2012,April,0,Wednesday,1,Clear or Partly Cloudy,655,5541,6196
482,2012-04-26,Musim Panas,2012,April,0,Thursday,1,Mist or Cloudy,475,4551,5026
483,2012-04-27,Musim Panas,2012,April,0,Friday,1,Clear or Partly Cloudy,1014,5219,6233
484,2012-04-28,Musim Panas,2012,April,0,Saturday,0,Mist or Cloudy,1120,3100,4220
485,2012-04-29,Musim Panas,2012,April,0,Sunday,0,Clear or Partly Cloudy,2229,4075,6304
486,2012-04-30,Musim Panas,2012,April,0,Monday,1,Mist or Cloudy,665,4907,5572
487,2012-05-01,Musim Panas,2012,May,0,Tuesday,1,Mist or Cloudy,653,5087,5740
488,2012-05-02,Musim Panas,2012,May,0,Wednesday,1,Clear or Partly Cloudy,667,5502,6169
489,2012-05-03,Musim Panas,2012,May,0,Thursday,1,Mist or Cloudy,764,5657,6421
490,2012-05-04,Musim Panas,2012,May,0,Friday,1,Clear or Partly Cloudy,1069,5227,6296
491,2012-05-05,Musim Panas,2012,May,0,Saturday,0,Mist or Cloudy,2496,4387,6883
492,2012-05-06,Musim Panas,2012,May,0,Sunday,0,Mist or Cloudy,2135,4224,6359
493,2012-05-07,Musim Panas,2012,May,0,Monday,1,Mist or Cloudy,1008,5265,6273
494,2012-05-08,Musim Panas,2012,May,0,Tuesday,1,Mist or Cloudy,738,4990,5728
495,2012-05-09,Musim Panas,2012,May,0,Wednesday,1,Mist or Cloudy,620,4097,4717
496,2012-05-10,Musim Panas,2012,May,0,Thursday,1,Clear or Partly Cloudy,1026,5546,6572
497,2012-05-11,Musim Panas,2012,May,0,Friday,1,Clear or Partly Cloudy,1319,5711,7030
498,2012-05-12,Musim Panas,2012,May,0,Saturday,0,Clear or Partly Cloudy,2622,4807,7429
499,2012-05-13,Musim Panas,2012,May,0,Sunday,0,Clear or Partly Cloudy,2172,3946,6118
500,2012-05-14,Musim Panas,2012,May,0,Monday,1,Mist or Cloudy,342,2501,2843
501,2012-05-15,Musim Panas,2012,May,0,Tuesday,1,Mist or Cloudy,625,4490,5115
502,2012-05-16,Musim Panas,2012,May,0,Wednesday,1,Clear or Partly Cloudy,991,6433,7424
503,2012-05-17,Musim Panas,2012,May,0,Thursday,1,Clear or Partly Cloudy,1242,6142,7384
504,2012-05-18,Musim Panas,2012,May,0,Friday,1,Clear or Partly Cloudy,1521,6118,7639
505,2012-05-19,Musim Panas,2012,May,0,Saturday,0,Clear or Partly Cloudy,3410,4884,8294
506,2012-05-20,Musim Panas,2012,May,0,Sunday,0,Clear or Partly Cloudy,2704,4425,7129
507,2012-05-21,Musim Panas,2012,May,0,Monday,1,Mist or Cloudy,630,3729,4359
508,2012-05-22,Musim Panas,2012,May,0,Tuesday,1,Mist or Cloudy,819,5254,6073
509,2012-05-23,Musim Panas,2012,May,0,Wednesday,1,Mist or Cloudy,766,4494,5260
510,2012-05-24,Musim Panas,2012,May,0,Thursday,1,Clear or Partly Cloudy,1059,5711,6770
511,2012-05-25,Musim Panas,2012,May,0,Friday,1,Clear or Partly Cloudy,1417,5317,6734
512,2012-05-26,Musim Panas,2012,May,0,Saturday,0,Clear or Partly Cloudy,2855,3681,6536
513,2012-05-27,Musim Panas,2012,May,0,Sunday,0,Clear or Partly Cloudy,3283,3308,6591
514,2012-05-28,Musim Panas,2012,May,1,Monday,0,Clear or Partly Cloudy,2557,3486,6043
515,2012-05-29,Musim Panas,2012,May,0,Tuesday,1,Clear or Partly Cloudy,880,4863,5743
516,2012-05-30,Musim Panas,2012,May,0,Wednesday,1,Mist or Cloudy,745,6110,6855
517,2012-05-31,Musim Panas,2012,May,0,Thursday,1,Clear or Partly Cloudy,1100,6238,7338
518,2012-06-01,Musim Panas,2012,June,0,Friday,1,Mist or Cloudy,533,3594,4127
519,2012-06-02,Musim Panas,2012,June,0,Saturday,0,Clear or Partly Cloudy,2795,5325,8120
520,2012-06-03,Musim Panas,2012,June,0,Sunday,0,Clear or Partly Cloudy,2494,5147,7641
521,2012-06-04,Musim Panas,2012,June,0,Monday,1,Clear or Partly Cloudy,1071,5927,6998
522,2012-06-05,Musim Panas,2012,June,0,Tuesday,1,Mist or Cloudy,968,6033,7001
523,2012-06-06,Musim Panas,2012,June,0,Wednesday,1,Clear or Partly Cloudy,1027,6028,7055
524,2012-06-07,Musim Panas,2012,June,0,Thursday,1,Clear or Partly Cloudy,1038,6456,7494
525,2012-06-08,Musim Panas,2012,June,0,Friday,1,Clear or Partly Cloudy,1488,6248,7736
526,2012-06-09,Musim Panas,2012,June,0,Saturday,0,Clear or Partly Cloudy,2708,4790,7498
527,2012-06-10,Musim Panas,2012,June,0,Sunday,0,Clear or Partly Cloudy,2224,4374,6598
528,2012-06-11,Musim Panas,2012,June,0,Monday,1,Mist or Cloudy,1017,5647,6664
529,2012-06-12,Musim Panas,2012,June,0,Tuesday,1,Mist or Cloudy,477,4495,4972
530,2012-06-13,Musim Panas,2012,June,0,Wednesday,1,Clear or Partly Cloudy,1173,6248,7421
531,2012-06-14,Musim Panas,2012,June,0,Thursday,1,Clear or Partly Cloudy,1180,6183,7363
532,2012-06-15,Musim Panas,2012,June,0,Friday,1,Clear or Partly Cloudy,1563,6102,7665
533,2012-06-16,Musim Panas,2012,June,0,Saturday,0,Clear or Partly Cloudy,2963,4739,7702
534,2012-06-17,Musim Panas,2012,June,0,Sunday,0,Clear or Partly Cloudy,2634,4344,6978
535,2012-06-18,Musim Panas,2012,June,0,Monday,1,Mist or Cloudy,653,4446,5099
536,2012-06-19,Musim Panas,2012,June,0,Tuesday,1,Clear or Partly Cloudy,968,5857,6825
537,2012-06-20,Musim Panas,2012,June,0,Wednesday,1,Clear or Partly Cloudy,872,5339,6211
538,2012-06-21,Musim Gugur,2012,June,0,Thursday,1,Clear or Partly Cloudy,778,5127,5905
539,2012-06-22,Musim Gugur,2012,June,0,Friday,1,Clear or Partly Cloudy,964,4859,5823
540,2012-06-23,Musim Gugur,2012,June,0,Saturday,0,Clear or Partly Cloudy,2657,4801,7458
541,2012-06-24,Musim Gugur,2012,June,0,Sunday,0,Clear or Partly Cloudy,2551,4340,6891
542,2012-06-25,Musim Gugur,2012,June,0,Monday,1,Clear or Partly Cloudy,1139,5640,6779
543,2012-06-26,Musim Gugur,2012,June,0,Tuesday,1,Clear or Partly Cloudy,1077,6365,7442
544,2012-06-27,Musim Gugur,2012,June,0,Wednesday,1,Clear or Partly Cloudy,1077,6258,7335
545,2012-06-28,Musim Gugur,2012,June,0,Thursday,1,Clear or Partly Cloudy,921,5958,6879
546,2012-06-29,Musim Gugur,2012,June,0,Friday,1,Clear or Partly Cloudy,829,4634,5463
547,2012-06-30,Musim Gugur,2012,June,0,Saturday,0,Clear or Partly Cloudy,1455,4232,5687
548,2012-07-01,Musim Gugur,2012,July,0,Sunday,0,Clear or Partly Cloudy,1421,4110,5531
549,2012-07-02,Musim Gugur,2012,July,0,Monday,1,Clear or Partly Cloudy,904,5323,6227
550,2012-07-03,Musim Gugur,2012,July,0,Tuesday,1,Clear or Partly Cloudy,1052,5608,6660
551,2012-07-04,Musim Gugur,2012,July,1,Wednesday,0,Clear or Partly Cloudy,2562,4841,7403
552,2012-07-05,Musim Gugur,2012,July,0,Thursday,1,Clear or Partly Cloudy,1405,4836,6241
553,2012-07-06,Musim Gugur,2012,July,0,Friday,1,Clear or Partly Cloudy,1366,4841,6207
554,2012-07-07,Musim Gugur,2012,July,0,Saturday,0,Clear or Partly Cloudy,1448,3392,4840
555,2012-07-08,Musim Gugur,2012,July,0,Sunday,0,Clear or Partly Cloudy,1203,3469,4672
556,2012-07-09,Musim Gugur,2012,July,0,Monday,1,Mist or Cloudy,998,5571,6569
557,2012-07-10,Musim Gugur,2012,July,0,Tuesday,1,Mist or Cloudy,954,5336,6290
558,2012-07-11,Musim Gugur,2012,July,0,Wednesday,1,Clear or Partly Cloudy,975,6289,7264
559,2012-07-12,Musim Gugur,2012,July,0,Thursday,1,Clear or Partly Cloudy,1032,6414,7446
560,2012-07-13,Musim Gugur,2012,July,0,Friday,1,Mist or Cloudy,1511,5988,7499
561,2012-07-14,Musim Gugur,2012,July,0,Saturday,0,Mist or Cloudy,2355,4614,6969
562,2012-07-15,Musim Gugur,2012,July,0,Sunday,0,Clear or Partly Cloudy,1920,4111,6031
563,2012-07-16,Musim Gugur,2012,July,0,Monday,1,Clear or Partly Cloudy,1088,5742,6830
564,2012-07-17,Musim Gugur,2012,July,0,Tuesday,1,Clear or Partly Cloudy,921,5865,6786
565,2012-07-18,Musim Gugur,2012,July,0,Wednesday,1,Clear or Partly Cloudy,799,4914,5713
566,2012-07-19,Musim Gugur,2012,July,0,Thursday,1,Clear or Partly Cloudy,888,5703,6591
567,2012-07-20,Musim Gugur,2012,July,0,Friday,1,Mist or Cloudy,747,5123,5870
568,2012-07-21,Musim Gugur,2012,July,0,Saturday,0,Light Snow or Rain with Thunderstorms,1264,3195,4459
569,2012-07-22,Musim Gugur,2012,July,0,Sunday,0,Mist or Cloudy,2544,4866,7410
570,2012-07-23,Musim Gugur,2012,July,0,Monday,1,Clear or Partly Cloudy,1135,5831,6966
571,2012-07-24,Musim Gugur,2012,July,0,Tuesday,1,Clear or Partly Cloudy,1140,6452,7592
572,2012-07-25,Musim Gugur,2012,July,0,Wednesday,1,Clear or Partly Cloudy,1383,6790,8173
573,2012-07-26,Musim Gugur,2012,July,0,Thursday,1,Clear or Partly Cloudy,1036,5825,6861
574,2012-07-27,Musim Gugur,2012,July,0,Friday,1,Clear or Partly Cloudy,1259,5645,6904
575,2012-07-28,Musim Gugur,2012,July,0,Saturday,0,Clear or Partly Cloudy,2234,4451,6685
576,2012-07-29,Musim Gugur,2012,July,0,Sunday,0,Clear or Partly Cloudy,2153,4444,6597
577,2012-07-30,Musim Gugur,2012,July,0,Monday,1,Clear or Partly Cloudy,1040,6065,7105
578,2012-07-31,Musim Gugur,2012,July,0,Tuesday,1,Clear or Partly Cloudy,968,6248,7216
579,2012-08-01,Musim Gugur,2012,August,0,Wednesday,1,Clear or Partly Cloudy,1074,6506,7580
580,2012-08-02,Musim Gugur,2012,August,0,Thursday,1,Clear or Partly Cloudy,983,6278,7261
581,2012-08-03,Musim Gugur,2012,August,0,Friday,1,Mist or Cloudy,1328,5847,7175
582,2012-08-04,Musim Gugur,2012,August,0,Saturday,0,Clear or Partly Cloudy,2345,4479,6824
583,2012-08-05,Musim Gugur,2012,August,0,Sunday,0,Clear or Partly Cloudy,1707,3757,5464
584,2012-08-06,Musim Gugur,2012,August,0,Monday,1,Mist or Cloudy,1233,5780,7013
585,2012-08-07,Musim Gugur,2012,August,0,Tuesday,1,Mist or Cloudy,1278,5995,7273
586,2012-08-08,Musim Gugur,2012,August,0,Wednesday,1,Mist or Cloudy,1263,6271,7534
587,2012-08-09,Musim Gugur,2012,August,0,Thursday,1,Clear or Partly Cloudy,1196,6090,7286
588,2012-08-10,Musim Gugur,2012,August,0,Friday,1,Mist or Cloudy,1065,4721,5786
589,2012-08-11,Musim Gugur,2012,August,0,Saturday,0,Mist or Cloudy,2247,4052,6299
590,2012-08-12,Musim Gugur,2012,August,0,Sunday,0,Clear or Partly Cloudy,2182,4362,6544
591,2012-08-13,Musim Gugur,2012,August,0,Monday,1,Clear or Partly Cloudy,1207,5676,6883
592,2012-08-14,Musim Gugur,2012,August,0,Tuesday,1,Clear or Partly Cloudy,1128,5656,6784
593,2012-08-15,Musim Gugur,2012,August,0,Wednesday,1,Clear or Partly Cloudy,1198,6149,7347
594,2012-08-16,Musim Gugur,2012,August,0,Thursday,1,Clear or Partly Cloudy,1338,6267,7605
595,2012-08-17,Musim Gugur,2012,August,0,Friday,1,Clear or Partly Cloudy,1483,5665,7148
596,2012-08-18,Musim Gugur,2012,August,0,Saturday,0,Clear or Partly Cloudy,2827,5038,7865
597,2012-08-19,Musim Gugur,2012,August,0,Sunday,0,Mist or Cloudy,1208,3341,4549
598,2012-08-20,Musim Gugur,2012,August,0,Monday,1,Mist or Cloudy,1026,5504,6530
599,2012-08-21,Musim Gugur,2012,August,0,Tuesday,1,Clear or Partly Cloudy,1081,5925,7006
600,2012-08-22,Musim Gugur,2012,August,0,Wednesday,1,Clear or Partly Cloudy,1094,6281,7375
601,2012-08-23,Musim Gugur,2012,August,0,Thursday,1,Clear or Partly Cloudy,1363,6402,7765
602,2012-08-24,Musim Gugur,2012,August,0,Friday,1,Mist or Cloudy,1325,6257,7582
603,2012-08-25,Musim Gugur,2012,August,0,Saturday,0,Mist or Cloudy,1829,4224,6053
604,2012-08-26,Musim Gugur,2012,August,0,Sunday,0,Mist or Cloudy,1483,3772,5255
605,2012-08-27,Musim Gugur,2012,August,0,Monday,1,Clear or Partly Cloudy,989,5928,6917
606,2012-08-28,Musim Gugur,2012,August,0,Tuesday,1,Clear or Partly Cloudy,935,6105,7040
607,2012-08-29,Musim Gugur,2012,August,0,Wednesday,1,Clear or Partly Cloudy,1177,6520,7697
608,2012-08-30,Musim Gugur,2012,August,0,Thursday,1,Clear or Partly Cloudy,1172,6541,7713
609,2012-08-31,Musim Gugur,2012,August,0,Friday,1,Clear or Partly Cloudy,1433,5917,7350
610,2012-09-01,Musim Gugur,2012,September,0,Saturday,0,Mist or Cloudy,2352,3788,6140
611,2012-09-02,Musim Gugur,2012,September,0,Sunday,0,Mist or Cloudy,2613,3197,5810
612,2012-09-03,Musim Gugur,2012,September,1,Monday,0,Clear or Partly Cloudy,1965,4069,6034
613,2012-09-04,Musim Gugur,2012,September,0,Tuesday,1,Clear or Partly Cloudy,867,5997,6864
614,2012-09-05,Musim Gugur,2012,September,0,Wednesday,1,Clear or Partly Cloudy,832,6280,7112
615,2012-09-06,Musim Gugur,2012,September,0,Thursday,1,Mist or Cloudy,611,5592,6203
616,2012-09-07,Musim Gugur,2012,September,0,Friday,1,Clear or Partly Cloudy,1045,6459,7504
617,2012-09-08,Musim Gugur,2012,September,0,Saturday,0,Mist or Cloudy,1557,4419,5976
618,2012-09-09,Musim Gugur,2012,September,0,Sunday,0,Clear or Partly Cloudy,2570,5657,8227
619,2012-09-10,Musim Gugur,2012,September,0,Monday,1,Clear or Partly Cloudy,1118,6407,7525
620,2012-09-11,Musim Gugur,2012,September,0,Tuesday,1,Clear or Partly Cloudy,1070,6697,7767
621,2012-09-12,Musim Gugur,2012,September,0,Wednesday,1,Clear or Partly Cloudy,1050,6820,7870
622,2012-09-13,Musim Gugur,2012,September,0,Thursday,1,Clear or Partly Cloudy,1054,6750,7804
623,2012-09-14,Musim Gugur,2012,September,0,Friday,1,Clear or Partly Cloudy,1379,6630,8009
624,2012-09-15,Musim Gugur,2012,September,0,Saturday,0,Clear or Partly Cloudy,3160,5554,8714
625,2012-09-16,Musim Gugur,2012,September,0,Sunday,0,Clear or Partly Cloudy,2166,5167,7333
626,2012-09-17,Musim Gugur,2012,September,0,Monday,1,Mist or Cloudy,1022,5847,6869
627,2012-09-18,Musim Gugur,2012,September,0,Tuesday,1,Mist or Cloudy,371,3702,4073
628,2012-09-19,Musim Gugur,2012,September,0,Wednesday,1,Clear or Partly Cloudy,788,6803,7591
629,2012-09-20,Musim Gugur,2012,September,0,Thursday,1,Clear or Partly Cloudy,939,6781,7720
630,2012-09-21,Musim Gugur,2012,September,0,Friday,1,Clear or Partly Cloudy,1250,6917,8167
631,2012-09-22,Musim Gugur,2012,September,0,Saturday,0,Clear or Partly Cloudy,2512,5883,8395
632,2012-09-23,Musim Dingin,2012,September,0,Sunday,0,Clear or Partly Cloudy,2454,5453,7907
633,2012-09-24,Musim Dingin,2012,September,0,Monday,1,Clear or Partly Cloudy,1001,6435,7436
634,2012-09-25,Musim Dingin,2012,September,0,Tuesday,1,Clear or Partly Cloudy,845,6693,7538
635,2012-09-26,Musim Dingin,2012,September,0,Wednesday,1,Clear or Partly Cloudy,787,6946,7733
636,2012-09-27,Musim Dingin,2012,September,0,Thursday,1,Mist or Cloudy,751,6642,7393
637,2012-09-28,Musim Dingin,2012,September,0,Friday,1,Mist or Cloudy,1045,6370,7415
638,2012-09-29,Musim Dingin,2012,September,0,Saturday,0,Clear or Partly Cloudy,2589,5966,8555
639,2012-09-30,Musim Dingin,2012,September,0,Sunday,0,Clear or Partly Cloudy,2015,4874,6889
640,2012-10-01,Musim Dingin,2012,October,0,Monday,1,Mist or Cloudy,763,6015,6778
641,2012-10-02,Musim Dingin,2012,October,0,Tuesday,1,Light Snow or Rain with Thunderstorms,315,4324,4639
642,2012-10-03,Musim Dingin,2012,October,0,Wednesday,1,Mist or Cloudy,728,6844,7572
643,2012-10-04,Musim Dingin,2012,October,0,Thursday,1,Mist or Cloudy,891,6437,7328
644,2012-10-05,Musim Dingin,2012,October,0,Friday,1,Clear or Partly Cloudy,1516,6640,8156
645,2012-10-06,Musim Dingin,2012,October,0,Saturday,0,Clear or Partly Cloudy,3031,4934,7965
646,2012-10-07,Musim Dingin,2012,October,0,Sunday,0,Mist or Cloudy,781,2729,3510
647,2012-10-08,Musim Dingin,2012,October,1,Monday,0,Mist or Cloudy,874,4604,5478
648,2012-10-09,Musim Dingin,2012,October,0,Tuesday,1,Mist or Cloudy,601,5791,6392
649,2012-10-10,Musim Dingin,2012,October,0,Wednesday,1,Clear or Partly Cloudy,780,6911,7691
650,2012-10-11,Musim Dingin,2012,October,0,Thursday,1,Clear or Partly Cloudy,834,6736,7570
651,2012-10-12,Musim Dingin,2012,October,0,Friday,1,Clear or Partly Cloudy,1060,6222,7282
652,2012-10-13,Musim Dingin,2012,October,0,Saturday,0,Clear or Partly Cloudy,2252,4857,7109
653,2012-10-14,Musim Dingin,2012,October,0,Sunday,0,Clear or Partly Cloudy,2080,4559,6639
654,2012-10-15,Musim Dingin,2012,October,0,Monday,1,Mist or Cloudy,760,5115,5875
655,2012-10-16,Musim Dingin,2012,October,0,Tuesday,1,Clear or Partly Cloudy,922,6612,7534
656,2012-10-17,Musim Dingin,2012,October,0,Wednesday,1,Clear or Partly Cloudy,979,6482,7461
657,2012-10-18,Musim Dingin,2012,October,0,Thursday,1,Mist or Cloudy,1008,6501,7509
658,2012-10-19,Musim Dingin,2012,October,0,Friday,1,Mist or Cloudy,753,4671,5424
659,2012-10-20,Musim Dingin,2012,October,0,Saturday,0,Clear or Partly Cloudy,2806,5284,8090
660,2012-10-21,Musim Dingin,2012,October,0,Sunday,0,Clear or Partly Cloudy,2132,4692,6824
661,2012-10-22,Musim Dingin,2012,October,0,Monday,1,Clear or Partly Cloudy,830,6228,7058
662,2012-10-23,Musim Dingin,2012,October,0,Tuesday,1,Clear or Partly Cloudy,841,6625,7466
663,2012-10-24,Musim Dingin,2012,October,0,Wednesday,1,Clear or Partly Cloudy,795,6898,7693
664,2012-10-25,Musim Dingin,2012,October,0,Thursday,1,Mist or Cloudy,875,6484,7359
665,2012-10-26,Musim Dingin,2012,October,0,Friday,1,Mist or Cloudy,1182,6262,7444
666,2012-10-27,Musim Dingin,2012,October,0,Saturday,0,Mist or Cloudy,2643,5209,7852
667,2012-10-28,Musim Dingin,2012,October,0,Sunday,0,Mist or Cloudy,998,3461,4459
668,2012-10-29,Musim Dingin,2012,October,0,Monday,1,Light Snow or Rain with Thunderstorms,2,20,22
669,2012-10-30,Musim Dingin,2012,October,0,Tuesday,1,Mist or Cloudy,87,1009,1096
670,2012-10-31,Musim Dingin,2012,October,0,Wednesday,1,Mist or Cloudy,419,5147,5566
671,2012-11-01,Musim Dingin,2012,November,0,Thursday,1,Mist or Cloudy,466,5520,5986
672,2012-11-02,Musim Dingin,2012,November,0,Friday,1,Clear or Partly Cloudy,618,5229,5847
673,2012-11-03,Musim Dingin,2012,November,0,Saturday,0,Mist or Cloudy,1029,4109,5138
674,2012-11-04,Musim Dingin,2012,November,0,Sunday,0,Clear or Partly Cloudy,1201,3906,5107
675,2012-11-05,Musim Dingin,2012,November,0,Monday,1,Clear or Partly Cloudy,378,4881,5259
676,2012-11-06,Musim Dingin,2012,November,0,Tuesday,1,Clear or Partly Cloudy,466,5220,5686
677,2012-11-07,Musim Dingin,2012,November,0,Wednesday,1,Mist or Cloudy,326,4709,5035
678,2012-11-08,Musim Dingin,2012,November,0,Thursday,1,Clear or Partly Cloudy,340,4975,5315
679,2012-11-09,Musim Dingin,2012,November,0,Friday,1,Clear or Partly Cloudy,709,5283,5992
680,2012-11-10,Musim Dingin,2012,November,0,Saturday,0,Clear or Partly Cloudy,2090,4446,6536
681,2012-11-11,Musim Dingin,2012,November,0,Sunday,0,Clear or Partly Cloudy,2290,4562,6852
682,2012-11-12,Musim Dingin,2012,November,1,Monday,0,Clear or Partly Cloudy,1097,5172,6269
683,2012-11-13,Musim Dingin,2012,November,0,Tuesday,1,Mist or Cloudy,327,3767,4094
684,2012-11-14,Musim Dingin,2012,November,0,Wednesday,1,Clear or Partly Cloudy,373,5122,5495
685,2012-11-15,Musim Dingin,2012,November,0,Thursday,1,Mist or Cloudy,320,5125,5445
686,2012-11-16,Musim Dingin,2012,November,0,Friday,1,Clear or Partly Cloudy,484,5214,5698
687,2012-11-17,Musim Dingin,2012,November,0,Saturday,0,Clear or Partly Cloudy,1313,4316,5629
688,2012-11-18,Musim Dingin,2012,November,0,Sunday,0,Clear or Partly Cloudy,922,3747,4669
689,2012-11-19,Musim Dingin,2012,November,0,Monday,1,Mist or Cloudy,449,5050,5499
690,2012-11-20,Musim Dingin,2012,November,0,Tuesday,1,Mist or Cloudy,534,5100,5634
691,2012-11-21,Musim Dingin,2012,November,0,Wednesday,1,Clear or Partly Cloudy,615,4531,5146
692,2012-11-22,Musim Dingin,2012,November,1,Thursday,0,Clear or Partly Cloudy,955,1470,2425
693,2012-11-23,Musim Dingin,2012,November,0,Friday,1,Clear or Partly Cloudy,1603,2307,3910
694,2012-11-24,Musim Dingin,2012,November,0,Saturday,0,Clear or Partly Cloudy,532,1745,2277
695,2012-11-25,Musim Dingin,2012,November,0,Sunday,0,Clear or Partly Cloudy,309,2115,2424
696,2012-11-26,Musim Dingin,2012,November,0,Monday,1,Clear or Partly Cloudy,337,4750,5087
697,2012-11-27,Musim Dingin,2012,November,0,Tuesday,1,Mist or Cloudy,123,3836,3959
698,2012-11-28,Musim Dingin,2012,November,0,Wednesday,1,Clear or Partly Cloudy,198,5062,5260
699,2012-11-29,Musim Dingin,2012,November,0,Thursday,1,Clear or Partly Cloudy,243,5080,5323
700,2012-11-30,Musim Dingin,2012,November,0,Friday,1,Clear or Partly Cloudy,362,5306,5668
701,2012-12-01,Musim Dingin,2012,December,0,Saturday,0,Mist or Cloudy,951,4240,5191
702,2012-12-02,Musim Dingin,2012,December,0,Sunday,0,Mist or Cloudy,892,3757,4649
703,2012-12-03,Musim Dingin,2012,December,0,Monday,1,Clear or Partly Cloudy,555,5679,6234
704,2012-12-04,Musim Dingin,2012,December,0,Tuesday,1,Clear or Partly Cloudy,551,6055,6606
705,2012-12-05,Musim Dingin,2012,December,0,Wednesday,1,Clear or Partly Cloudy,331,5398,5729
706,2012-12-06,Musim Dingin,2012,December,0,Thursday,1,Clear or Partly Cloudy,340,5035,5375
707,2012-12-07,Musim Dingin,2012,December,0,Friday,1,Mist or Cloudy,349,4659,5008
708,2012-12-08,Musim Dingin,2012,December,0,Saturday,0,Mist or Cloudy,1153,4429,5582
709,2012-12-09,Musim Dingin,2012,December,0,Sunday,0,Mist or Cloudy,441,2787,3228
710,2012-12-10,Musim Dingin,2012,December,0,Monday,1,Mist or Cloudy,329,4841,5170
711,2012-12-11,Musim Dingin,2012,December,0,Tuesday,1,Mist or Cloudy,282,5219,5501
712,2012-12-12,Musim Dingin,2012,December,0,Wednesday,1,Mist or Cloudy,310,5009,5319
713,2012-12-13,Musim Dingin,2012,December,0,Thursday,1,Clear or Partly Cloudy,425,5107,5532
714,2012-12-14,Musim Dingin,2012,December,0,Friday,1,Clear or Partly Cloudy,429,5182,5611
715,2012-12-15,Musim Dingin,2012,December,0,Saturday,0,Clear or Partly Cloudy,767,4280,5047
716,2012-12-16,Musim Dingin,2012,December,0,Sunday,0,Mist or Cloudy,538,3248,3786
717,2012-12-17,Musim Dingin,2012,December,0,Monday,1,Mist or Cloudy,212,4373,4585
718,2012-12-18,Musim Dingin,2012,December,0,Tuesday,1,Clear or Partly Cloudy,433,5124,5557
719,2012-12-19,Musim Dingin,2012,December,0,Wednesday,1,Clear or Partly Cloudy,333,4934,5267
720,2012-12-20,Musim Dingin,2012,December,0,Thursday,1,Mist or Cloudy,314,3814,4128
721,2012-12-21,Musim Semi,2012,December,0,Friday,1,Mist or Cloudy,221,3402,3623
722,2012-12-22,Musim Semi,2012,December,0,Saturday,0,Clear or Partly Cloudy,205,1544,1749
723,2012-12-23,Musim Semi,2012,December,0,Sunday,0,Clear or Partly Cloudy,408,1379,1787
724,2012-12-24,Musim Semi,2012,December,0,Monday,1,Mist or Cloudy,174,746,920
725,2012-12-25,Musim Semi,2012,December,1,Tuesday,0,Mist or Cloudy,440,573,1013
726,2012-12-26,Musim Semi,2012,December,0,Wednesday,1,Light Snow or Rain with Thunderstorms,9,432,441
727,2012-12-27,Musim Semi,2012,December,0,Thursday,1,Mist or Cloudy,247,1867,2114
728,2012-12-28,Musim Semi,2012,December,0,Friday,1,Mist or Cloudy,644,2451,3095
729,2012-12-29,Musim Semi,2012,December,0,Saturday,0,Mist or Cloudy,159,1182,1341
730,2012-12-30,Musim Semi,2012,December,0,Sunday,0,Clear or Partly Cloudy,364,1432,1796
731,2012-12-31,Musim Semi,2012,December,0,Monday,1,Mist or Cloudy,439,2290,2729
